{"StampySam2211":"eyJ0ZXh0dXJlcyI6eyJTS0lOIjp7InVybCI6Imh0dHA6Ly90ZXh0dXJlcy5taW5lY3JhZnQubmV0L3RleHR1cmUvNWZiM2ZkMTlmNDY5MzBhOTljMTQ5ZTIyNmM1MjIwYjhhMWM5ZTYxZmQ1N2FlYzUyNTBmNzU2MzNmMzAwY2FiYSJ9fX0=","Watchthewater":"eyJ0ZXh0dXJlcyI6eyJTS0lOIjp7InVybCI6Imh0dHA6Ly90ZXh0dXJlcy5taW5lY3JhZnQubmV0L3RleHR1cmUvZmNjYjc3MTIwZGFhODRiMjBiMTI5NjRjMWVjYjBjNjdhMTBiOWI2YzIwYjVhY2E4YmMzOTM2ZGRlMWQ1N2I2NCJ9fX0=",".TCoded":"eyJ0ZXh0dXJlcyI6eyJTS0lOIjp7InVybCI6Imh0dHA6Ly90ZXh0dXJlcy5taW5lY3JhZnQubmV0L3RleHR1cmUvMTI3MzU5N2MzMDYyOGNiYzQ3NDc4NzJiOGZlNjI5NzE0YmU3OGYwYmI5NzhhZDZiMjcxZjZjZjVlZmI2ZTI2MiJ9fX0=","44t5":"eyJ0ZXh0dXJlcyI6eyJTS0lOIjp7InVybCI6Imh0dHA6Ly90ZXh0dXJlcy5taW5lY3JhZnQubmV0L3RleHR1cmUvYmY5YmMxOGNmY2Q3YTg4ODgwZGFkYThjNTRkNGUxMWQ0OGVmNzBlZDgxMTQwNzJjODBkODNiMWFiMDBhNWUwYiJ9fX0=","ItzBenoitXD":"eyJ0ZXh0dXJlcyI6eyJTS0lOIjp7InVybCI6Imh0dHA6Ly90ZXh0dXJlcy5taW5lY3JhZnQubmV0L3RleHR1cmUvZmE2NTlhMDIwYzIzNmYxODI3MTZmYjg3YjY2MDFlNDQ1ZGJhMzI1NmQ1OGZmYzE2MmM0MzBmNzg3OTljN2M3MSJ9fX0=",".ItzVortexTV":"eyJ0ZXh0dXJlcyI6eyJTS0lOIjp7InVybCI6Imh0dHA6Ly90ZXh0dXJlcy5taW5lY3JhZnQubmV0L3RleHR1cmUvNWE4MjA2OTY5NWJlNGJiNjFkZTJiZGExNGE1MWU1MzEzNDdiNjA5NDJhMWQyNjUzNThiZTc3YTNlOGUyZGQzOCJ9fX0=","BUYPRIME_FEWER":"eyJ0ZXh0dXJlcyI6eyJTS0lOIjp7InVybCI6Imh0dHA6Ly90ZXh0dXJlcy5taW5lY3JhZnQubmV0L3RleHR1cmUvNTM4ZGIyZGIwNzk5ODFmMzRmMzA3MjRhYTZmMzBjYzY4ZTcwNWY3MWQ4ZTAzYjRhMzBkOWRlZjFkMzFhNGJiMCJ9fX0=","TechnicallyCoded":"eyJ0ZXh0dXJlcyI6eyJTS0lOIjp7InVybCI6Imh0dHA6Ly90ZXh0dXJlcy5taW5lY3JhZnQubmV0L3RleHR1cmUvZjMwZjA3M2QyZTYyOWM0ZTA0YTE1NWQ3MjI2YjdkYzQ0ZjYwZTk0YjVjOGNhMjE4MTkxMDM5YjgwODA3Yjk4MyJ9fX0="}